 A-DATA  16GB  C906 ;15,03211991
 DECT Panasonic KX-TG1612CA;47,58029979
 MicroSD Card 8GB + Adapter A-DATA (Class 6);8,608137045
 N2 2.4 wireless optical mouse (с рисунком);10,79229122
 PISEN AAA;0,34261242
"21.5"" LCD LG W2243S";138,5224839
3,5 TECH-COM INTERNAK ;8,565310493
3D очки;1,284796574
3D очки VISION;1,605995717
3D очки ПРОСТЫЕ;1,092077088
A-DATA 16GB C 903;16,42398287
A-DATA 16GB C003, C008;15,03211991
A-DATA 4GB C 003;5,010706638
A-DATA 4GB C 905;6,809421842
A-DATA 4GB C802;5,203426124
A-DATA 4GB C903;6,959314775
A-DATA 8GB C 008;7,323340471
A-DATA 8GB C 903;10,83511777
A-DATA 8GB C 905;11,32762313
A-DATA 8GB C 906, C 802;7,323340471
A-DATA 8GB S805;12,5267666
A-DATA 8GB class10;9,400428266
A4TECH AK-47 FULL SPEED GAMING MOUSE USB BLACK;9,100642398
A4TECH G3100 беспроводная +мышь;14,15417559
A4TECH OP-50D 2XCLICK OPTICAL 3D MOUSE PS/2 BLACK;4,389721627
A4TECH X6-999D USB;6,338329764
A4Tech NB-50D;9,721627409
A4Tech OP-720 PS/2;4,325481799
A4Tech X3-230 PS/2;3,790149893
ACER 18,5 V193HQ, WIDE, BLACK 1366 x 768 16 9 HD. 10000 1. 300cd m2. 5ms;88,2012848
ANGEL Z-009;5,717344754
AV Кабель TOSUO TS-A602F (3m) 3*3 RCA;5,310492505
Adapter  RoHs Wireless USB  ;6,959314775
Aser BLACK (под кожу) ;10,04282655
BLUETOOTH  HK - 808 ( USB adapter);3,404710921
BW-SD01;0,642398287
BW-TF03;0,599571734
CD простые;0,13490364
CDMA V860;0,535331906
COM--COM ;0,749464668
CPU LGA775 Intel Pentium Dual Core E5400 Tray ;0
CPU cooler DEEPCOOL ALPHA-1 LGA775 92mm, 2200rpm;3,533190578
CPU cooler DEEPCOOL ALPHA-6 LGA775 92mm, 2200rpm;4,197002141
CPU cooler DEEPCOOL CK-77502 LGA775 92x25mm, 2200rpm up to E8500 ;2,890792291
CPU cooler DEEPCOOL WINNER-D988 LGA775 92x32mm, 2200rpm Up to Q9550;4,903640257
Car Recorder Mini Sport DVR ;31,58458244
Cooler for PSU CASE DEEPCOOL XFAN120U GREEN BLUE LED;3,104925054
DDR2 1024MB PC800 SIMMTRONICS;0
DDR3 DIMM 2048MB PC3-10660 Zeppelin;12,74089936
DEEPCOOL ALPHA-9 LGA775;3,404710921
DEEPCOOL THETA-9 LGA1156;3,91862955
DEEPCOOL WINDWHEEL FS;12,07708779
DEEPCOOL WINNER-S915 LGA775;4,389721627
DELUX ATX DLC-MV802 BLACK RED W O PSU ;13,04068522
DVD +-RW&CD-RW LG 22X DUAL SATA Black;18,00856531
DVD 4.7GB обычные;0,17130621
DVD Print Teble;0,17130621
DVD Двухслойные;0,299785867
DVD двухсторонние;0,214132762
DVD+-RW&CD-RW LG 22X DUAL PATA Black BULK ;22,05567452
DVI на DVI;1,284796574
DVI на DVI 1,5 м;0
Danyin DM-001;2,312633833
Danyin DT-2115;13,36188437
;0
;0
;0
;0
Danyin DT-2699;7,194860814
Danyin DT-301;2,826552463
Danyin DX-131;3,083511777
Dell 20v 4.5A квадрат.штекер;9,850107066
E-loam голубая c подсветкой;5,91006424
EXPERT  желтый и зеленый;0,620985011
EZOO EZ-B30;5,139186296
EZOO EZ-C90 (91);4,625267666
Epson C13S042085 (A6 (10x15), Glossy, 225 g m2, 50 sheets + 50 sheets;10,17130621
FM TRANSMITTER (оранжевый блистр);8,993576017
"FreeBiZ салатавый 14,1""";3,961456103
GOOD розовые nokia;1,284796574
GOODRAM 8GB Zip Black;8,415417559
GP 2700 mA;3,254817987
GP Ultra AAA;0,321199143
"GPS навигатор 5023-FM-AV, Flash 128M, DDR 64M, 5"" TF 2GB";70,62098501
Gadmei USB TV Stick UTV 382;26,29550321
Game PAD Genius HeeHa 100;0
Genius ---;0
Genius HS-200A c микрофоном;3,426124197
Genius KB-06X2 PS/2 белая;4,132762313
Genius Navigator 365 Laser GamePad 800-1600dpi USB;12,78372591
Genius SP-S110;6,723768737
Genius SlimStar i222 USB;11,43468951
Genius XScroll Optical BLACK PS 2;5,631691649
"HD DVD HP189 2.5""TFT LCD Screen";36,50963597
HDMI-HDMI 1.5m;2,826552463
HDMI-HDMI 3m;3,340471092
;4,111349036
HDMI-HDMI 5m;6,423982869
HP 18.5V 3.5A  с ID ;9,057815846
IDE на 2IDE;0,278372591
IDE на SATA;0,192719486
Intel cooler LGA1156 original;3,811563169
JACK  на 2RCA;0,899357602
JLK-004;2,055674518
JUMP разные;11,02783726
KYRGYZCHA KEYBOARD PS/2;5,353319058
LAN BAIST 3m.;0,685224839
LAN BAIST 5 m;1,177730193
LAN CARD RoHs Wireless USB (Wi-Fi);7,023554604
LAN кабель 10м;1,284796574
LAN кабель 15м;1,798715203
LAN кабель 3м;0,449678801
LAN кабель 5 м;0,642398287
LAN кабель 5м;0,642398287
"LCD 18.5"" LG W1943S-PF ";94,71092077
LG PLASMA TV 42PT350 (DVB-T);0
LG kg800;0,535331906
Lan Card Tenda W322p+v2.0 wirelles;14,51820128
Lenovo 20V 4.5A Желт штекер;10,06423983
MB ELITEGROUP H61H2-M2 LGA1155 H61,2xDDR3 1333,1xPCI-Ex16,GLan,USB2.0,SATA3,mATX;53,31905782
MINI cooler CP 201BK;5,032119914
MMC Kingston 1GB;3,961456103
MP3 колонка ALANS AL-937 ;24,15417559
MP3 колонка Music Angel ВН002 ;11,24197002
"MP4 8GB QPS-65A 2.8""";28,26552463
MP4 в розовой упаковке;0,96359743
"MP5 8GB QPS-20 3.0""";0
Mercury S105M 5port;6,659528908
Micro SD  16GB + Adapter A-DATA (10 class);19,31477516
MicroSD Card 4GB  A-DATA (class4);4,111349036
MicroSD Card 4GB + Adapter A -DATA (class 6);5,631691649
MicroSD Card 8GB + Adapter A-DATA (Class 10);10,40685225
Microlab Subwoofer M-200(10) 2.1 40W(12Wx2 + 16W) BLACK ;33,21199143
;0
;0
;0
;0
Microlab Subwoofer M-590 17W(9W+4W*2) BLACK;33,29764454
Microlab Subwoofer X13 2.1 40W+14Wx2 RMS BLACK;75,35331906
Moto V3;0,535331906
Mouse Laser GENIUS Traveler 315 Blue, Red Mini (1600 dpi,USB,3 button);9,03640257
Numeric SKB-1000;2,591006424
ODIMM DDR3 2048 PC3-10600 TWINMOS;12,03426124
ONTO MP3;1,541755889
OPULA KCL-028;0,942184154
ORIGINAL N95/N81/5310/N97;2,78372591
PCI EXp LAN Card;2,912205567
PCI LAN TP-LINK TF-3200;2,997858672
PCI LPT 2C1P;4,710920771
PCI LPT Card;4,710920771
PCI TP-LINK TM-IP5600 Modem;4,710920771
PCI sound card 3D 4port;3,811563169
PCI sound card 3D 6port;6,017130621
PCI плата eSATA+SATA+IDE VT6421;4,710920771
PISEN AA;0,34261242
PISEN AAA 900mAh;1,927194861
PISEN TS-KC006;9,207708779
PSU Power Logic Magnum Pro 225;11,94860814
PSU Power Logic Magnum Pro 225U;9,957173448
Panasonic KX-TMX2375 White;38,99357602
Potrans Бел корпус 19V 3.16A;7,922912206
Power Supply JUMP 450P4 (280W);11,02783726
Power Supply Unit JUMP 350p4;8,52248394
Power Supply Unit JUMP 450 GOLDEN;14,04710921
SATA кабель;0,214132762
SD A-DATA 4GB (Class 4);5,010706638
SENIC MX-110;3,854389722
SENIC ST-880;15,93147752
SOMIC G945;29,03640257
SOSHINE AAA 1100;1,13490364
SOSHINE SC-C2 ;13,5117773
SPLITTER VGA 2 port;6,423982869
SPLITTER VGA 4 port;7,708779443
SUOER 26-42;6,102783726
SUOER 42-60;7,773019272
SY - H002;2,483940043
SY - H006;2,526766595
SY - H007 человечек;2,055674518
SY - H008;2,184154176
Samsung 19V 4.74A Желтый штекер;7,922912206
Samsung 8X USB2.0;40,68522484
Samsung ES9;58,62955032
Samsung ST30;75,16059957
SanDisk 2GB;5,246252677
SanDisk 4GB class4;5,717344754
Secure Digital Card 16GB A-DATA SDHC (Class 10);19,22912206
Secure Digital Card 2GB A-DATA 120Х;3,940042827
Secure Digital Card 4GB A-DATA 150X (Class 6 );5,417558887
Sony 16V 4A жел. штекер;6,852248394
Sony Ericson K700;0,535331906
Surge Arrest  APS SL;6,059957173
TP-LINK TD-W8901G беспроводной маршрутизатор со встроенным  модемом ADSL2+ ;30,83511777
TP-LINK TL-SF1005D 5port;8,458244111
TP-LINK TL-SF1008D 8port;10,57815846
TP-LINK TL-WR741ND 150 Мбит/с бемпроводной маршрутизатор серии N;21,2633833
TV-тюнер GADMEI TV-3820E;16,46680942
TV-тюнер USB GADMEI UTV-332E;20,34261242
"Tablet MID iMX515 10.1"" DDR2 512Mb";0
UPS APC Back BK650AS 650VA 400watt;0
USB FLASH 4GB A-DATA C802 Pink;5,010706638
USB HUB 480;1,605995717
USB HUB крестик;0,813704497
;0
;0
;0
;0
USB LAN ;4,111349036
USB micro USB;0,770877944
USB mini USB;0,749464668
USB sound card (LEAD 3D Sound 5.1 TIDE);1,798715203
USB to PS/2;0,578158458
USB колонки LENOVO;4,625267666
USB колонки MINI TF-890;4,625267666
USB лампочка ;1,284796574
USB принтер ;0
USB принтер 1,8m.;1,156316916
USB принтер 3m.;1,82012848
USB принтер 3m. прозрачный;1,220556745
USB принтер 3м;1,156316916
USB удлинитель (папа-мама) 1,5 м черный, синий;1,070663812
USB удлинитель 1,5м;0,642398287
USB удлинитель 1,8m.;1,027837259
USB удлинитель 3м;1,156316916
USB-USB,miniUSB питание;0,642398287
VARTA AA ;0,471092077
VARTA CR 2025 и CR 2032;0,642398287
VARTA LONGLIFE EXTRA (6LR 61/PP3);1,327623126
VARTA SUPERLIFE  R03P/AAA;0,235546039
VGA--VGA 1.8m.;1,199143469
VGA--VGA 15m.;8,372591006
VGA--VGA 5m.;2,869379015
VGA-VGA 1.5m;1,156316916
VGA-VGA 5m;3,083511777
VOICEAO 900mu;5,139186296
VOICEAO 903mu;3,597430407
"WEB ""яйцо"" без микрофона";3,340471092
"WEB ""яйцо"" с микрофоном";3,468950749
Web камера Е4 GUCEE;9,507494647
Web камера Х 400 ;10,27837259
Wi-Fi маршрутизатор TP-LINK TL-WR340G ;18,22269807
Wireless-N Broadband Router 300Mbps, Tenda W302R;30
Wireless-N Router Tenda W268R;18,50107066
Wireless-N Router Tenda W316R;19,01498929
YB-E 012;2,698072805
YB-E 018;2,184154176
Авто Moto V3;0,535331906
Авто Sony Ericson K750;0,535331906
Авто USB адаптор;1,156316916
Авто Нокия толстая;0,535331906
Авто Нокия тонкая;0,556745182
Авто Самсунг A288;0,535331906
Авто Самсунг D800;0,535331906
Авто Самсунг D880;0,535331906
Адаптор micro -- SD;0
Б.П. 12V 2A;3,319057816
БП JUMP 500 P4 BLUE ;14,43254818
БП Импульсный DC 12V 3A ASUS ;5,353319058
БП импульсный  DC 19.5V 4.7A SONY ;10,02141328
БП импульсный DC 19V 2.1A ASUS тонкий коннектор;6,423982869
БП импульсный DC 19V 3.42A ASUS;7,55888651
Батарейки 2032;0,256959315
Батарейки УСИЛЕННЫЕ;2,569593148
Батарейки для телефонов РАЗНЫЕ;0,96359743
Безпроводные G168;20,55674518
Блок питания импульсный DC 19V 4.74A LITEON ACER ;9,100642398
Блок питания универсальный в Синем блисторе;16,05995717
Блютуз грибочек;1,627408994
Большие  72 CD;2,698072805
Вентилятор USB;2,184154176
Влажные салфетки;0,877944325
Внешний DVD-ROM ThinkThink;35,97430407
;0
;0
;0
;0
Внешний DVD-Rom IBM;38,97216274
Гарнитура YB-G 016;1,927194861
ДОСТАВКА;0
Джойстик FHJ-8001;1,798715203
Джойстик KD-890;6,680942184
Джойстик USB-890;5,139186296
Док станция SATA HDD w/Card Reader/Write + Hub;12,74089936
Домик хороший ;0
Зарядка USB сеть;0,535331906
Зарядка Универсальная;0,492505353
Зарядное устройство TS - MC005;2,569593148
Зарядное устройство TS - MC005 2 AA 2300mAh;7,194860814
Зарядное устройство TS - MC006;4,625267666
Зарядное устройство TS - MC006 4 AA 1800mAh;12,07708779
Зарядное устройство TS - MC006 4 AA 2000mAh ;15,41755889
Зарядное устройство TS - MC006 4 AA 2500mAh;17,4732334
Кабель  423А Jack 3.5 папа - 2RCA (3m);0,792291221
Кабель 3 колокольчика ;0,899357602
Кабель 423А Jack  3.5 папа-2RCA (1.5m);0,535331906
Кабель UTP CK-Link5e 300m;0,107066381
Кабель UTP метражом ( 60 метров в наличии);0
Кабель-тестер MASTER NS-468 RJ45/RJ11/USB;2,569593148
Камера синяя на гибкой ножке (циклоп);3,340471092
Картридер  SY - T62 ;0,535331906
Картридер - 681;1,199143469
Картридер 680;2,055674518
Картридер SY  - 650;2,248394004
Картридер SY - 630;1,220556745
Картридер i-639;2,055674518
Картридж HP 56;0
Китайская 1GB;3,319057816
Китайская 2GB ;4,60385439
Китайская 4GB class6;7,601713062
Китайская 512MB;3,104925054
Клавиатура Samurai CG-2026M Silver Black USB;9,207708779
Кобура книжка под кожу;1,391862955
Кобура на пояс  кожаная;1,177730193
Коврик SuperMan;0,770877944
Коврики большие;0,685224839
Коврики маленькие;0,17130621
;0,235546039
Коврики с картинками разные;0,749464668
Коврики с подушкой;1,798715203
Кожанный диван FM модулятор;3,940042827
Конекторы RJ45;0,032119914
Контроль скорость PCW TB35-1;3,854389722
Контроль скорость PCW TB35-2;5,781584582
Контроль скорость для кулера;1,82012848
Космос КОС 503;7,601713062
Крона 6F22S;0,856531049
Кулер для AMD;2,78372591
МФУ Panasonic KX-MB1900UC лазерный, USB 2.0 , 24 стр/мин;138,8865096
Маркеры для CD;0,214132762
Маркеры для дисков;0,256959315
Микки Маус Хорошие;1,434689507
МиккиМаус;0,856531049
Мышка  беспроводная Smile G31;10,79229122
На длинной ножке (Черно-красные);3,725910064
Наклейки новые чер и бел;0,256959315
Налоги;0
Наушники в коробках РАЗНЫЕ;1,498929336
Наушники в пакетах РАЗНЫЕ;0,813704497
Нокия 8600, N97;1,177730193
Нокия толстая;0,492505353
Нокия тонкая;0,492505353
;0
;0
;0
;0
Обжим для RJ45 и RJ11 ( KS-315);2,141327623
Переходник COM(мама)-COM(мама) (Дель);0,642398287
Переходник DVI на VGA;1,027837259
Переходник DVI-VGA (Дель);0,556745182
Переходник HDMI-HDMI;1,798715203
Переходник USB мама-мама;0,642398287
Переходник USB папа-папа;0,642398287
Переходники сетевые на 220 черные;0,578158458
Питание на видео карту;0,214132762
Подставка для ноутбука ERGOSTAND;10,27837259
Подставка для ноутбука RX-5218;5,39614561
Подставка для ноутбука SZ-7368;5,39614561
Подставка для ноутбука ZODIAK;9,764453961
Подставка для ноутбука ХХ-883;5,39614561
Подставка для охлаждения 608;2,762312634
Проектор портативный Acer C20 (DLP.WVGA [854*480];0
Пузырки 80 CD;3,083511777
СК-6  7210,N70;1,391862955
Самсунг D800;0,535331906
Самсунг D880;0,535331906
Сетевой домик;0,96359743
Сетевой домик ХОРОШИЙ;0,642398287
Сумка для фото средняя Canon, Nikon;5,139186296
"Сумки для нетбука 10""";5,91006424
Термо паста шприц большой;2,569593148
Термо паста шприц маленький белые;0,321199143
Тринога QTV 193W;19,27194861
Тринога TF-330A;7,194860814
Тросик для ноутбука;1,177730193
Удлинитель SEEBEST 15m. 3port;14,23982869
Удлинитель TRIPPLITE 6разъем;2,95503212
Универсальная USB зарядка для авто (разноцветные);1,199143469
Услуга;0
"Фоторамка DPF7005 7"" TFT-LCD";0
"Фоторамка HF216 10.1"" TFT-LCD";0
"Фоторамка HF232 12.1"" TFT-LCD";0
Чебурашка;0,620985011
Черные фон, красн(рус) (@);0,642398287
Чехлы Язычки-Вставные бархатные;0,599571734
Чехлы на сотку женские РАЗНЫЕ, GOLA;1,070663812
Чехлы с карабином и мешочки разные;0,96359743
Чехля Язычки - Вставные простые;0,599571734
Чехол PISEN RK-A (маленькие);3,340471092
Чехол PISEN RY-A (HDD);3,340471092
"Чехол для нетбука 10"" ";3,640256959
Чехол для нетбука РАЗНЫЕ;3,426124197
"Чехол для ноутбука 14""";3,854389722
Чехол для ноутбука SONY VAIO;3,982869379
Чехол для фото и видео большая Canon;8,222698073
Чехол для фото маленький разные;0,642398287
Чехол для фото на пояс ;1,027837259
Чехол женский;0,321199143
Чехол женский ;0,428265525
Чистящее средство;0,449678801
импульсный DC 19V 3.95A TOSHIBA;8,86509636
инвертор 150W MEIND в прикуриватель;14,02569593
коврики голографические;0,642398287
мышка JetTech - 2029 USB;2,890792291
мышка JetTech-2028 optical;3,319057816
наушники GOOD;1,284796574
наушники SUPER CLEAR;1,070663812
переходник на 220 маленький ;0,299785867
переходник с микро на SD;0,214132762
средние круглые с железной крышкой;1,927194861
сумка DELL;4,882226981
;0
;0
;0
;0
шлейф питания 4 pin на 2 SATA параллельный;0,34261242
Всего:;
;
;
;
;
